time,.layout.dim,.layout.data_offset,.data
2018/05/29/10:46:50.148631,[],0,"(-0.16835841536521912, -0.1908527910709381, 419.5155944824219)"
2018/05/29/10:46:50.148670,[],0,"(-0.16325220465660095, -0.20718802511692047, 419.3652038574219)"
2018/05/29/10:46:50.148839,[],0,"(-0.15817418694496155, -0.19419917464256287, 419.51556396484375)"
2018/05/29/10:46:50.148897,[],0,"(-0.163265660405159, -0.17456069588661194, 419.3656005859375)"
2018/05/29/10:46:50.150221,[],0,"(-0.15815943479537964, -0.1908959001302719, 419.2152099609375)"
2018/05/29/10:46:50.150260,[],0,"(-0.15815943479537964, -0.1908959001302719, 419.2152099609375)"
2018/05/29/10:46:50.151252,[],0,"(-0.15815943479537964, -0.1908959001302719, 419.2152099609375)"
2018/05/29/10:46:50.156096,[],0,"(-0.163265660405159, -0.17456069588661194, 419.3656005859375)"
2018/05/29/10:46:50.159032,[],0,"(-0.15815943479537964, -0.1908959001302719, 419.2152099609375)"
2018/05/29/10:46:50.159893,[],0,"(-0.15817418694496155, -0.19419917464256287, 419.51556396484375)"
2018/05/29/10:46:50.160333,[],0,"(-0.163265660405159, -0.17456069588661194, 419.3656005859375)"
2018/05/29/10:46:50.160525,[],0,"(-0.163265660405159, -0.17456069588661194, 419.3656005859375)"
2018/05/29/10:46:50.160832,[],0,"(-0.15817418694496155, -0.19419917464256287, 419.51556396484375)"
2018/05/29/10:46:50.184348,[],0,"(-0.15815943479537964, -0.1908959001302719, 419.2152099609375)"
2018/05/29/10:46:50.217233,[],0,"(-0.163265660405159, -0.17456069588661194, 419.3656005859375)"
2018/05/29/10:46:50.220453,[],0,"(-0.15815943479537964, -0.1908959001302719, 419.2152099609375)"
2018/05/29/10:46:50.265201,[],0,"(-0.163265660405159, -0.17456069588661194, 419.3656005859375)"
2018/05/29/10:46:50.285631,[],0,"(-0.1530679613351822, -0.21053439378738403, 419.36517333984375)"
2018/05/29/10:46:50.298458,[],0,"(-0.15815943479537964, -0.1908959001302719, 419.2152099609375)"
2018/05/29/10:46:50.329004,[],0,"(-0.163265660405159, -0.17456069588661194, 419.3656005859375)"
2018/05/29/10:46:50.345388,[],0,"(-0.163265660405159, -0.17456069588661194, 419.3656005859375)"
2018/05/29/10:46:50.361419,[],0,"(-0.15815943479537964, -0.1908959001302719, 419.2152099609375)"
2018/05/29/10:46:50.392256,[],0,"(-0.163265660405159, -0.17456069588661194, 419.3656005859375)"
2018/05/29/10:46:50.409642,[],0,"(-0.163265660405159, -0.17456069588661194, 419.3656005859375)"
2018/05/29/10:46:50.424918,[],0,"(-0.16835841536521912, -0.1908527910709381, 419.5155944824219)"
2018/05/29/10:46:50.458702,[],0,"(-0.15815943479537964, -0.1908959001302719, 419.2152099609375)"
2018/05/29/10:46:50.483124,[],0,"(-0.16325220465660095, -0.20718802511692047, 419.3652038574219)"
2018/05/29/10:46:50.488469,[],0,"(-0.15815943479537964, -0.1908959001302719, 419.2152099609375)"
2018/05/29/10:46:50.520618,[],0,"(-0.163265660405159, -0.17456069588661194, 419.3656005859375)"
2018/05/29/10:46:50.536505,[],0,"(-0.163265660405159, -0.17456069588661194, 419.3656005859375)"
2018/05/29/10:46:50.553554,[],0,"(-0.15815943479537964, -0.1908959001302719, 419.2152099609375)"
2018/05/29/10:46:50.585397,[],0,"(-0.163265660405159, -0.17456069588661194, 419.3656005859375)"
2018/05/29/10:46:50.600409,[],0,"(-0.163265660405159, -0.17456069588661194, 419.3656005859375)"
2018/05/29/10:46:50.632056,[],0,"(-0.16835841536521912, -0.1908527910709381, 419.5155944824219)"
2018/05/29/10:46:50.649697,[],0,"(-0.15815943479537964, -0.1908959001302719, 419.2152099609375)"
2018/05/29/10:46:50.664587,[],0,"(-0.163265660405159, -0.17456069588661194, 419.3656005859375)"
2018/05/29/10:46:50.696003,[],0,"(-0.15815943479537964, -0.1908959001302719, 419.2152099609375)"
2018/05/29/10:46:50.712432,[],0,"(-0.163265660405159, -0.17456069588661194, 419.3656005859375)"
2018/05/29/10:46:50.728209,[],0,"(-0.16835841536521912, -0.1908527910709381, 419.5155944824219)"
2018/05/29/10:46:50.759901,[],0,"(-0.15815943479537964, -0.1908959001302719, 419.2152099609375)"
2018/05/29/10:46:50.776423,[],0,"(-0.163265660405159, -0.17456069588661194, 419.3656005859375)"
2018/05/29/10:46:50.792651,[],0,"(-0.163265660405159, -0.17456069588661194, 419.3656005859375)"
2018/05/29/10:46:50.840095,[],0,"(-0.163265660405159, -0.17456069588661194, 419.3656005859375)"
2018/05/29/10:46:50.856537,[],0,"(-0.163265660405159, -0.17456069588661194, 419.3656005859375)"
2018/05/29/10:46:50.872363,[],0,"(-0.163265660405159, -0.17456069588661194, 419.3656005859375)"
2018/05/29/10:46:50.906461,[],0,"(-0.163265660405159, -0.17456069588661194, 419.3656005859375)"
2018/05/29/10:46:50.919999,[],0,"(-0.163265660405159, -0.17456069588661194, 419.3656005859375)"
2018/05/29/10:46:50.937056,[],0,"(-0.163265660405159, -0.17456069588661194, 419.3656005859375)"
2018/05/29/10:46:50.967853,[],0,"(-0.163265660405159, -0.17456069588661194, 419.3656005859375)"
2018/05/29/10:46:50.984707,[],0,"(-0.163265660405159, -0.17456069588661194, 419.3656005859375)"
2018/05/29/10:46:51.000484,[],0,"(-0.163265660405159, -0.17456069588661194, 419.3656005859375)"
2018/05/29/10:46:51.031769,[],0,"(-0.163265660405159, -0.17456069588661194, 419.3656005859375)"
2018/05/29/10:46:51.047962,[],0,"(-0.163265660405159, -0.17456069588661194, 419.3656005859375)"
2018/05/29/10:46:51.064196,[],0,"(-0.163265660405159, -0.17456069588661194, 419.3656005859375)"
2018/05/29/10:46:51.099908,[],0,"(-0.163265660405159, -0.17456069588661194, 419.3656005859375)"
2018/05/29/10:46:51.112534,[],0,"(-0.16325220465660095, -0.20718802511692047, 419.3652038574219)"
2018/05/29/10:46:51.128303,[],0,"(-0.15815943479537964, -0.1908959001302719, 419.2152099609375)"
2018/05/29/10:46:51.159919,[],0,"(-0.15815943479537964, -0.1908959001302719, 419.2152099609375)"
2018/05/29/10:46:51.177296,[],0,"(-0.163265660405159, -0.17456069588661194, 419.3656005859375)"
2018/05/29/10:46:51.192730,[],0,"(-0.16835841536521912, -0.1908527910709381, 419.5155944824219)"
2018/05/29/10:46:51.224377,[],0,"(-0.15815943479537964, -0.1908959001302719, 419.2152099609375)"
2018/05/29/10:46:51.242503,[],0,"(-0.15815943479537964, -0.1908959001302719, 419.2152099609375)"
2018/05/29/10:46:51.271635,[],0,"(-0.1530679613351822, -0.21053439378738403, 419.36517333984375)"
2018/05/29/10:46:51.288883,[],0,"(-0.15817418694496155, -0.19419917464256287, 419.51556396484375)"
2018/05/29/10:46:51.305036,[],0,"(-0.15815943479537964, -0.1908959001302719, 419.2152099609375)"
2018/05/29/10:46:51.336548,[],0,"(-0.1530679613351822, -0.21053439378738403, 419.36517333984375)"
2018/05/29/10:46:51.352124,[],0,"(-0.15815943479537964, -0.1908959001302719, 419.2152099609375)"
2018/05/29/10:46:51.369325,[],0,"(-0.15817418694496155, -0.19419917464256287, 419.51556396484375)"
2018/05/29/10:46:51.400498,[],0,"(-0.163265660405159, -0.17456069588661194, 419.3656005859375)"
2018/05/29/10:46:51.432232,[],0,"(-0.163265660405159, -0.17456069588661194, 419.3656005859375)"
2018/05/29/10:46:51.447611,[],0,"(-0.163265660405159, -0.17456069588661194, 419.3656005859375)"
2018/05/29/10:46:51.479564,[],0,"(-0.163265660405159, -0.17456069588661194, 419.3656005859375)"
2018/05/29/10:46:51.496417,[],0,"(-0.16835841536521912, -0.1908527910709381, 419.5155944824219)"
2018/05/29/10:46:51.512000,[],0,"(-0.16835841536521912, -0.1908527910709381, 419.5155944824219)"
2018/05/29/10:46:51.543792,[],0,"(-0.15815943479537964, -0.1908959001302719, 419.2152099609375)"
2018/05/29/10:46:51.560181,[],0,"(-0.15815943479537964, -0.1908959001302719, 419.2152099609375)"
2018/05/29/10:46:51.576639,[],0,"(-0.15815943479537964, -0.1908959001302719, 419.2152099609375)"
2018/05/29/10:46:51.607506,[],0,"(-0.16325220465660095, -0.20718802511692047, 419.3652038574219)"
2018/05/29/10:46:51.624705,[],0,"(-0.15815943479537964, -0.1908959001302719, 419.2152099609375)"
2018/05/29/10:46:51.643138,[],0,"(-0.163265660405159, -0.17456069588661194, 419.3656005859375)"
2018/05/29/10:46:51.671411,[],0,"(-0.163265660405159, -0.17456069588661194, 419.3656005859375)"
2018/05/29/10:46:51.688419,[],0,"(-0.16835841536521912, -0.1908527910709381, 419.5155944824219)"
2018/05/29/10:46:51.705012,[],0,"(-0.163265660405159, -0.17456069588661194, 419.3656005859375)"
2018/05/29/10:46:51.735270,[],0,"(-0.163265660405159, -0.17456069588661194, 419.3656005859375)"
2018/05/29/10:46:51.751663,[],0,"(-0.163265660405159, -0.17456069588661194, 419.3656005859375)"
2018/05/29/10:46:51.767894,[],0,"(-0.16325220465660095, -0.20718802511692047, 419.3652038574219)"
2018/05/29/10:46:51.799228,[],0,"(-0.163265660405159, -0.17456069588661194, 419.3656005859375)"
2018/05/29/10:46:51.815652,[],0,"(-0.15815943479537964, -0.1908959001302719, 419.2152099609375)"
2018/05/29/10:46:51.832479,[],0,"(-0.15815943479537964, -0.1908959001302719, 419.2152099609375)"
2018/05/29/10:46:51.864492,[],0,"(-0.163265660405159, -0.17456069588661194, 419.3656005859375)"
2018/05/29/10:46:51.879977,[],0,"(-0.163265660405159, -0.17456069588661194, 419.3656005859375)"
2018/05/29/10:46:51.913193,[],0,"(-0.15815943479537964, -0.1908959001302719, 419.2152099609375)"
2018/05/29/10:46:51.928166,[],0,"(-0.163265660405159, -0.17456069588661194, 419.3656005859375)"
2018/05/29/10:46:51.944495,[],0,"(-0.16835841536521912, -0.1908527910709381, 419.5155944824219)"
2018/05/29/10:46:51.975348,[],0,"(-0.16325220465660095, -0.20718802511692047, 419.3652038574219)"
2018/05/29/10:46:52.007228,[],0,"(-0.163265660405159, -0.17456069588661194, 419.3656005859375)"
2018/05/29/10:46:52.024045,[],0,"(-0.163265660405159, -0.17456069588661194, 419.3656005859375)"
2018/05/29/10:46:52.055110,[],0,"(-0.16835841536521912, -0.1908527910709381, 419.5155944824219)"
2018/05/29/10:46:52.071767,[],0,"(-0.16325220465660095, -0.20718802511692047, 419.3652038574219)"
2018/05/29/10:46:52.088056,[],0,"(-0.15815943479537964, -0.1908959001302719, 419.2152099609375)"
2018/05/29/10:46:52.119195,[],0,"(-0.15817418694496155, -0.19419917464256287, 419.51556396484375)"
2018/05/29/10:46:52.136116,[],0,"(-0.15817418694496155, -0.19419917464256287, 419.51556396484375)"
2018/05/29/10:46:52.151676,[],0,"(-0.15817418694496155, -0.19419917464256287, 419.51556396484375)"
2018/05/29/10:46:52.183103,[],0,"(-0.15815943479537964, -0.1908959001302719, 419.2152099609375)"
2018/05/29/10:46:52.199698,[],0,"(-0.16325220465660095, -0.20718802511692047, 419.3652038574219)"
2018/05/29/10:46:52.215292,[],0,"(-0.15815943479537964, -0.1908959001302719, 419.2152099609375)"
2018/05/29/10:46:52.247099,[],0,"(-0.16325220465660095, -0.20718802511692047, 419.3652038574219)"
2018/05/29/10:46:52.263231,[],0,"(-0.163265660405159, -0.17456069588661194, 419.3656005859375)"
2018/05/29/10:46:52.279607,[],0,"(-0.163265660405159, -0.17456069588661194, 419.3656005859375)"
2018/05/29/10:46:52.311497,[],0,"(-0.15817418694496155, -0.19419917464256287, 419.51556396484375)"
2018/05/29/10:46:52.327800,[],0,"(-0.15815943479537964, -0.1908959001302719, 419.2152099609375)"
2018/05/29/10:46:52.345013,[],0,"(-0.16326695680618286, -0.21049128472805023, 419.6655578613281)"
2018/05/29/10:46:52.375031,[],0,"(-0.163265660405159, -0.17456069588661194, 419.3656005859375)"
2018/05/29/10:46:52.391709,[],0,"(-0.15817418694496155, -0.19419917464256287, 419.51556396484375)"
2018/05/29/10:46:52.408092,[],0,"(-0.163265660405159, -0.17456069588661194, 419.3656005859375)"
2018/05/29/10:46:52.439048,[],0,"(-0.16325220465660095, -0.20718802511692047, 419.3652038574219)"
2018/05/29/10:46:52.455116,[],0,"(-0.163265660405159, -0.17456069588661194, 419.3656005859375)"
2018/05/29/10:46:52.471881,[],0,"(-0.15815943479537964, -0.1908959001302719, 419.2152099609375)"
2018/05/29/10:46:52.503110,[],0,"(-0.15815943479537964, -0.1908959001302719, 419.2152099609375)"
2018/05/29/10:46:52.520051,[],0,"(-0.15815943479537964, -0.1908959001302719, 419.2152099609375)"
2018/05/29/10:46:52.551840,[],0,"(-0.163265660405159, -0.17456069588661194, 419.3656005859375)"
2018/05/29/10:46:52.583151,[],0,"(-0.15815943479537964, -0.1908959001302719, 419.2152099609375)"
2018/05/29/10:46:52.599512,[],0,"(-0.163265660405159, -0.17456069588661194, 419.3656005859375)"
2018/05/29/10:46:52.615485,[],0,"(-0.163265660405159, -0.17456069588661194, 419.3656005859375)"
2018/05/29/10:46:52.646863,[],0,"(-0.15815943479537964, -0.1908959001302719, 419.2152099609375)"
2018/05/29/10:46:52.662825,[],0,"(-0.16835841536521912, -0.1908527910709381, 419.5155944824219)"
2018/05/29/10:46:52.695741,[],0,"(-0.15815943479537964, -0.1908959001302719, 419.2152099609375)"
2018/05/29/10:46:52.710976,[],0,"(-0.15815943479537964, -0.1908959001302719, 419.2152099609375)"
2018/05/29/10:46:52.727126,[],0,"(-0.163265660405159, -0.17456069588661194, 419.3656005859375)"
2018/05/29/10:46:52.759157,[],0,"(-0.163265660405159, -0.17456069588661194, 419.3656005859375)"
2018/05/29/10:46:52.775654,[],0,"(-0.15815943479537964, -0.1908959001302719, 419.2152099609375)"
2018/05/29/10:46:52.791017,[],0,"(-0.163265660405159, -0.17456069588661194, 419.3656005859375)"
2018/05/29/10:46:52.825417,[],0,"(-0.15815943479537964, -0.1908959001302719, 419.2152099609375)"
2018/05/29/10:46:52.840247,[],0,"(-0.163265660405159, -0.17456069588661194, 419.3656005859375)"
2018/05/29/10:46:52.854988,[],0,"(-0.163265660405159, -0.17456069588661194, 419.3656005859375)"
2018/05/29/10:46:52.886637,[],0,"(-0.163265660405159, -0.17456069588661194, 419.3656005859375)"
2018/05/29/10:46:52.903167,[],0,"(-0.15815943479537964, -0.1908959001302719, 419.2152099609375)"
2018/05/29/10:46:52.918954,[],0,"(-0.15815943479537964, -0.1908959001302719, 419.2152099609375)"
2018/05/29/10:46:52.950730,[],0,"(-0.16325220465660095, -0.20718802511692047, 419.3652038574219)"
2018/05/29/10:46:52.967571,[],0,"(-0.15815943479537964, -0.1908959001302719, 419.2152099609375)"
2018/05/29/10:46:52.983200,[],0,"(-0.15815943479537964, -0.1908959001302719, 419.2152099609375)"
2018/05/29/10:46:53.014593,[],0,"(-0.15815943479537964, -0.1908959001302719, 419.2152099609375)"
2018/05/29/10:46:53.031705,[],0,"(-0.163265660405159, -0.17456069588661194, 419.3656005859375)"
2018/05/29/10:46:53.047823,[],0,"(-0.16325220465660095, -0.20718802511692047, 419.3652038574219)"
2018/05/29/10:46:53.078810,[],0,"(-0.16325220465660095, -0.20718802511692047, 419.3652038574219)"
2018/05/29/10:46:53.095093,[],0,"(-0.15815943479537964, -0.1908959001302719, 419.2152099609375)"
2018/05/29/10:46:53.126732,[],0,"(-0.163265660405159, -0.17456069588661194, 419.3656005859375)"
2018/05/29/10:46:53.158441,[],0,"(-0.1581607162952423, -0.2268265187740326, 419.5151672363281)"
2018/05/29/10:46:53.178436,[],0,"(-0.16835841536521912, -0.1908527910709381, 419.5155944824219)"
2018/05/29/10:46:53.191191,[],0,"(-0.15815943479537964, -0.1908959001302719, 419.2152099609375)"
2018/05/29/10:46:53.223011,[],0,"(-0.163265660405159, -0.17456069588661194, 419.3656005859375)"
2018/05/29/10:46:53.239474,[],0,"(-0.163265660405159, -0.17456069588661194, 419.3656005859375)"
2018/05/29/10:46:53.255720,[],0,"(-0.16835841536521912, -0.1908527910709381, 419.5155944824219)"
2018/05/29/10:46:53.286765,[],0,"(-0.15815943479537964, -0.1908959001302719, 419.2152099609375)"
2018/05/29/10:46:53.302613,[],0,"(-0.163265660405159, -0.17456069588661194, 419.3656005859375)"
2018/05/29/10:46:53.334401,[],0,"(-0.15815943479537964, -0.1908959001302719, 419.2152099609375)"
2018/05/29/10:46:53.351351,[],0,"(-0.163265660405159, -0.17456069588661194, 419.3656005859375)"
2018/05/29/10:46:53.366862,[],0,"(-0.163265660405159, -0.17456069588661194, 419.3656005859375)"
2018/05/29/10:46:53.398715,[],0,"(-0.15815943479537964, -0.1908959001302719, 419.2152099609375)"
2018/05/29/10:46:53.414450,[],0,"(-0.15815943479537964, -0.1908959001302719, 419.2152099609375)"
2018/05/29/10:46:53.430682,[],0,"(-0.15815943479537964, -0.1908959001302719, 419.2152099609375)"
2018/05/29/10:46:53.462173,[],0,"(-0.163265660405159, -0.17456069588661194, 419.3656005859375)"
2018/05/29/10:46:53.478472,[],0,"(-0.163265660405159, -0.17456069588661194, 419.3656005859375)"
2018/05/29/10:46:53.494728,[],0,"(-0.16835841536521912, -0.1908527910709381, 419.5155944824219)"
2018/05/29/10:46:53.526243,[],0,"(-0.15815943479537964, -0.1908959001302719, 419.2152099609375)"
2018/05/29/10:46:53.542297,[],0,"(-0.163265660405159, -0.17456069588661194, 419.3656005859375)"
2018/05/29/10:46:53.558377,[],0,"(-0.163265660405159, -0.17456069588661194, 419.3656005859375)"
2018/05/29/10:46:53.590217,[],0,"(-0.163265660405159, -0.17456069588661194, 419.3656005859375)"
2018/05/29/10:46:53.607568,[],0,"(-0.15815943479537964, -0.1908959001302719, 419.2152099609375)"
2018/05/29/10:46:53.624854,[],0,"(-0.163265660405159, -0.17456069588661194, 419.3656005859375)"
2018/05/29/10:46:53.654239,[],0,"(-0.15815943479537964, -0.1908959001302719, 419.2152099609375)"
2018/05/29/10:46:53.671468,[],0,"(-0.15815943479537964, -0.1908959001302719, 419.2152099609375)"
2018/05/29/10:46:53.702937,[],0,"(-0.163265660405159, -0.17456069588661194, 419.3656005859375)"
2018/05/29/10:46:53.736424,[],0,"(-0.16325220465660095, -0.20718802511692047, 419.3652038574219)"
2018/05/29/10:46:53.750616,[],0,"(-0.15815943479537964, -0.1908959001302719, 419.2152099609375)"
2018/05/29/10:46:53.766620,[],0,"(-0.15815943479537964, -0.1908959001302719, 419.2152099609375)"
2018/05/29/10:46:53.798044,[],0,"(-0.163265660405159, -0.17456069588661194, 419.3656005859375)"
2018/05/29/10:46:53.814621,[],0,"(-0.1581607162952423, -0.2268265187740326, 419.5151672363281)"
2018/05/29/10:46:53.831176,[],0,"(-0.16835841536521912, -0.1908527910709381, 419.5155944824219)"
2018/05/29/10:46:53.867492,[],0,"(-0.163265660405159, -0.17456069588661194, 419.3656005859375)"
2018/05/29/10:46:53.886732,[],0,"(-0.15815943479537964, -0.1908959001302719, 419.2152099609375)"
2018/05/29/10:46:53.895679,[],0,"(-0.163265660405159, -0.17456069588661194, 419.3656005859375)"
2018/05/29/10:46:53.926987,[],0,"(-0.15815943479537964, -0.1908959001302719, 419.2152099609375)"
2018/05/29/10:46:53.945308,[],0,"(-0.15815943479537964, -0.1908959001302719, 419.2152099609375)"
2018/05/29/10:46:53.974375,[],0,"(-0.16325220465660095, -0.20718802511692047, 419.3652038574219)"
2018/05/29/10:46:53.990105,[],0,"(-0.16835841536521912, -0.1908527910709381, 419.5155944824219)"
2018/05/29/10:46:54.007308,[],0,"(-0.163265660405159, -0.17456069588661194, 419.3656005859375)"
2018/05/29/10:46:54.038307,[],0,"(-0.16835841536521912, -0.1908527910709381, 419.5155944824219)"
2018/05/29/10:46:54.054901,[],0,"(-0.16835841536521912, -0.1908527910709381, 419.5155944824219)"
2018/05/29/10:46:54.070423,[],0,"(-0.163265660405159, -0.17456069588661194, 419.3656005859375)"
2018/05/29/10:46:54.102204,[],0,"(-0.163265660405159, -0.17456069588661194, 419.3656005859375)"
2018/05/29/10:46:54.119002,[],0,"(-0.16326695680618286, -0.21049128472805023, 419.6655578613281)"
2018/05/29/10:46:54.135874,[],0,"(-0.163265660405159, -0.17456069588661194, 419.3656005859375)"
2018/05/29/10:46:54.166380,[],0,"(-0.16835841536521912, -0.1908527910709381, 419.5155944824219)"
2018/05/29/10:46:54.184468,[],0,"(-0.1530679613351822, -0.21053439378738403, 419.36517333984375)"
2018/05/29/10:46:54.199027,[],0,"(-0.16326695680618286, -0.21049128472805023, 419.6655578613281)"
2018/05/29/10:46:54.229794,[],0,"(-0.15815943479537964, -0.1908959001302719, 419.2152099609375)"
2018/05/29/10:46:54.248159,[],0,"(-0.15817418694496155, -0.19419917464256287, 419.51556396484375)"
2018/05/29/10:46:54.278756,[],0,"(-0.16835841536521912, -0.1908527910709381, 419.5155944824219)"
2018/05/29/10:46:54.309933,[],0,"(-0.16325220465660095, -0.20718802511692047, 419.3652038574219)"
2018/05/29/10:46:54.330244,[],0,"(-0.163265660405159, -0.17456069588661194, 419.3656005859375)"
2018/05/29/10:46:54.342263,[],0,"(-0.16835841536521912, -0.1908527910709381, 419.5155944824219)"
2018/05/29/10:46:54.373763,[],0,"(-0.163265660405159, -0.17456069588661194, 419.3656005859375)"
2018/05/29/10:46:54.393143,[],0,"(-0.15817418694496155, -0.19419917464256287, 419.51556396484375)"
2018/05/29/10:46:54.406181,[],0,"(-0.15815943479537964, -0.1908959001302719, 419.2152099609375)"
2018/05/29/10:46:54.437683,[],0,"(-0.16325220465660095, -0.20718802511692047, 419.3652038574219)"
2018/05/29/10:46:54.454444,[],0,"(-0.15817418694496155, -0.19419917464256287, 419.51556396484375)"
2018/05/29/10:46:54.470081,[],0,"(-0.163265660405159, -0.17456069588661194, 419.3656005859375)"
2018/05/29/10:46:54.501653,[],0,"(-0.15815943479537964, -0.1908959001302719, 419.2152099609375)"
2018/05/29/10:46:54.518055,[],0,"(-0.163265660405159, -0.17456069588661194, 419.3656005859375)"
2018/05/29/10:46:54.535143,[],0,"(-0.15817418694496155, -0.19419917464256287, 419.51556396484375)"
2018/05/29/10:46:54.566305,[],0,"(-0.15817418694496155, -0.19419917464256287, 419.51556396484375)"
2018/05/29/10:46:54.582709,[],0,"(-0.163265660405159, -0.17456069588661194, 419.3656005859375)"
2018/05/29/10:46:54.614095,[],0,"(-0.1530679613351822, -0.21053439378738403, 419.36517333984375)"
2018/05/29/10:46:54.632138,[],0,"(-0.1530679613351822, -0.21053439378738403, 419.36517333984375)"
2018/05/29/10:46:54.645705,[],0,"(-0.163265660405159, -0.17456069588661194, 419.3656005859375)"
2018/05/29/10:46:54.679534,[],0,"(-0.163265660405159, -0.17456069588661194, 419.3656005859375)"
2018/05/29/10:46:54.694204,[],0,"(-0.16835841536521912, -0.1908527910709381, 419.5155944824219)"
2018/05/29/10:46:54.710538,[],0,"(-0.163265660405159, -0.17456069588661194, 419.3656005859375)"
2018/05/29/10:46:54.741743,[],0,"(-0.163265660405159, -0.17456069588661194, 419.3656005859375)"
2018/05/29/10:46:54.758451,[],0,"(-0.163265660405159, -0.17456069588661194, 419.3656005859375)"
2018/05/29/10:46:54.773771,[],0,"(-0.16835841536521912, -0.1908527910709381, 419.5155944824219)"
2018/05/29/10:46:54.805535,[],0,"(-0.16835841536521912, -0.1908527910709381, 419.5155944824219)"
2018/05/29/10:46:54.822317,[],0,"(-0.15815943479537964, -0.1908959001302719, 419.2152099609375)"
2018/05/29/10:46:54.854106,[],0,"(-0.15815943479537964, -0.1908959001302719, 419.2152099609375)"
2018/05/29/10:46:54.885466,[],0,"(-0.15815943479537964, -0.1908959001302719, 419.2152099609375)"
2018/05/29/10:46:54.902602,[],0,"(-0.163265660405159, -0.17456069588661194, 419.3656005859375)"
2018/05/29/10:46:54.918151,[],0,"(-0.163265660405159, -0.17456069588661194, 419.3656005859375)"
2018/05/29/10:46:54.949470,[],0,"(-0.15815943479537964, -0.1908959001302719, 419.2152099609375)"
2018/05/29/10:46:54.969490,[],0,"(-0.163265660405159, -0.17456069588661194, 419.3656005859375)"
2018/05/29/10:46:54.981463,[],0,"(-0.15817418694496155, -0.19419917464256287, 419.51556396484375)"
2018/05/29/10:46:55.013332,[],0,"(-0.16835841536521912, -0.1908527910709381, 419.5155944824219)"
2018/05/29/10:46:55.030084,[],0,"(-0.16835841536521912, -0.1908527910709381, 419.5155944824219)"
2018/05/29/10:46:55.045615,[],0,"(-0.16835841536521912, -0.1908527910709381, 419.5155944824219)"
2018/05/29/10:46:55.077392,[],0,"(-0.163265660405159, -0.17456069588661194, 419.3656005859375)"
2018/05/29/10:46:55.094187,[],0,"(-0.163265660405159, -0.17456069588661194, 419.3656005859375)"
2018/05/29/10:46:55.110642,[],0,"(-0.163265660405159, -0.17456069588661194, 419.3656005859375)"
2018/05/29/10:46:55.142879,[],0,"(-0.15815943479537964, -0.1908959001302719, 419.2152099609375)"
2018/05/29/10:46:55.158120,[],0,"(-0.163265660405159, -0.17456069588661194, 419.3656005859375)"
2018/05/29/10:46:55.173585,[],0,"(-0.163265660405159, -0.17456069588661194, 419.3656005859375)"
2018/05/29/10:46:55.210165,[],0,"(-0.163265660405159, -0.17456069588661194, 419.3656005859375)"
2018/05/29/10:46:55.221290,[],0,"(-0.16835841536521912, -0.1908527910709381, 419.5155944824219)"
2018/05/29/10:46:55.253169,[],0,"(-0.163265660405159, -0.17456069588661194, 419.3656005859375)"
2018/05/29/10:46:55.270479,[],0,"(-0.163265660405159, -0.17456069588661194, 419.3656005859375)"
2018/05/29/10:46:55.287819,[],0,"(-0.163265660405159, -0.17456069588661194, 419.3656005859375)"
2018/05/29/10:46:55.317313,[],0,"(-0.163265660405159, -0.17456069588661194, 419.3656005859375)"
2018/05/29/10:46:55.334344,[],0,"(-0.16835841536521912, -0.1908527910709381, 419.5155944824219)"
2018/05/29/10:46:55.350813,[],0,"(-0.163265660405159, -0.17456069588661194, 419.3656005859375)"
2018/05/29/10:46:55.381108,[],0,"(-0.15817418694496155, -0.19419917464256287, 419.51556396484375)"
2018/05/29/10:46:55.397893,[],0,"(-0.163265660405159, -0.17456069588661194, 419.3656005859375)"
2018/05/29/10:46:55.430509,[],0,"(-0.163265660405159, -0.17456069588661194, 419.3656005859375)"
2018/05/29/10:46:55.460942,[],0,"(-0.15815943479537964, -0.1908959001302719, 419.2152099609375)"
2018/05/29/10:46:55.477762,[],0,"(-0.163265660405159, -0.17456069588661194, 419.3656005859375)"
2018/05/29/10:46:55.493710,[],0,"(-0.163265660405159, -0.17456069588661194, 419.3656005859375)"
2018/05/29/10:46:55.525741,[],0,"(-0.163265660405159, -0.17456069588661194, 419.3656005859375)"
2018/05/29/10:46:55.541588,[],0,"(-0.163265660405159, -0.17456069588661194, 419.3656005859375)"
2018/05/29/10:46:55.557159,[],0,"(-0.16835841536521912, -0.1908527910709381, 419.5155944824219)"
2018/05/29/10:46:55.588935,[],0,"(-0.16326695680618286, -0.21049128472805023, 419.6655578613281)"
2018/05/29/10:46:55.606243,[],0,"(-0.163265660405159, -0.17456069588661194, 419.3656005859375)"
2018/05/29/10:46:55.621776,[],0,"(-0.16835841536521912, -0.1908527910709381, 419.5155944824219)"
2018/05/29/10:46:55.653344,[],0,"(-0.163265660405159, -0.17456069588661194, 419.3656005859375)"
2018/05/29/10:46:55.669777,[],0,"(-0.16835841536521912, -0.1908527910709381, 419.5155944824219)"
2018/05/29/10:46:55.684960,[],0,"(-0.163265660405159, -0.17456069588661194, 419.3656005859375)"
2018/05/29/10:46:55.716904,[],0,"(-0.163265660405159, -0.17456069588661194, 419.3656005859375)"
2018/05/29/10:46:55.733789,[],0,"(-0.163265660405159, -0.17456069588661194, 419.3656005859375)"
2018/05/29/10:46:55.751353,[],0,"(-0.163265660405159, -0.17456069588661194, 419.3656005859375)"
2018/05/29/10:46:55.781602,[],0,"(-0.15815943479537964, -0.1908959001302719, 419.2152099609375)"
2018/05/29/10:46:55.797895,[],0,"(-0.15815943479537964, -0.1908959001302719, 419.2152099609375)"
2018/05/29/10:46:55.829164,[],0,"(-0.15817418694496155, -0.19419917464256287, 419.51556396484375)"
2018/05/29/10:46:55.845400,[],0,"(-0.1530679613351822, -0.21053439378738403, 419.36517333984375)"
2018/05/29/10:46:55.861258,[],0,"(-0.15817418694496155, -0.19419917464256287, 419.51556396484375)"
2018/05/29/10:46:55.892794,[],0,"(-0.15817418694496155, -0.19419917464256287, 419.51556396484375)"
2018/05/29/10:46:55.909376,[],0,"(-0.163265660405159, -0.17456069588661194, 419.3656005859375)"
2018/05/29/10:46:55.926835,[],0,"(-0.163265660405159, -0.17456069588661194, 419.3656005859375)"
2018/05/29/10:46:55.957397,[],0,"(-0.163265660405159, -0.17456069588661194, 419.3656005859375)"
2018/05/29/10:46:55.973254,[],0,"(-0.163265660405159, -0.17456069588661194, 419.3656005859375)"
2018/05/29/10:46:56.006727,[],0,"(-0.15815943479537964, -0.1908959001302719, 419.2152099609375)"
2018/05/29/10:46:56.036763,[],0,"(-0.15815943479537964, -0.1908959001302719, 419.2152099609375)"
2018/05/29/10:46:56.054058,[],0,"(-0.15815943479537964, -0.1908959001302719, 419.2152099609375)"
2018/05/29/10:46:56.069495,[],0,"(-0.163265660405159, -0.17456069588661194, 419.3656005859375)"
2018/05/29/10:46:56.100673,[],0,"(-0.15815943479537964, -0.1908959001302719, 419.2152099609375)"
2018/05/29/10:46:56.117016,[],0,"(-0.163265660405159, -0.17456069588661194, 419.3656005859375)"
2018/05/29/10:46:56.134328,[],0,"(-0.163265660405159, -0.17456069588661194, 419.3656005859375)"
2018/05/29/10:46:56.165461,[],0,"(-0.163265660405159, -0.17456069588661194, 419.3656005859375)"
2018/05/29/10:46:56.182050,[],0,"(-0.15815943479537964, -0.1908959001302719, 419.2152099609375)"
2018/05/29/10:46:56.197042,[],0,"(-0.163265660405159, -0.17456069588661194, 419.3656005859375)"
2018/05/29/10:46:56.228955,[],0,"(-0.163265660405159, -0.17456069588661194, 419.3656005859375)"
2018/05/29/10:46:56.246542,[],0,"(-0.163265660405159, -0.17456069588661194, 419.3656005859375)"
2018/05/29/10:46:56.262808,[],0,"(-0.163265660405159, -0.17456069588661194, 419.3656005859375)"
2018/05/29/10:46:56.292665,[],0,"(-0.15815943479537964, -0.1908959001302719, 419.2152099609375)"
2018/05/29/10:46:56.309661,[],0,"(-0.163265660405159, -0.17456069588661194, 419.3656005859375)"
2018/05/29/10:46:56.326447,[],0,"(-0.163265660405159, -0.17456069588661194, 419.3656005859375)"
2018/05/29/10:46:56.358074,[],0,"(-0.15815943479537964, -0.1908959001302719, 419.2152099609375)"
2018/05/29/10:46:56.373480,[],0,"(-0.1530679613351822, -0.21053439378738403, 419.36517333984375)"
2018/05/29/10:46:56.388954,[],0,"(-0.15815943479537964, -0.1908959001302719, 419.2152099609375)"
2018/05/29/10:46:56.421644,[],0,"(-0.15815943479537964, -0.1908959001302719, 419.2152099609375)"
2018/05/29/10:46:56.437809,[],0,"(-0.163265660405159, -0.17456069588661194, 419.3656005859375)"
2018/05/29/10:46:56.468393,[],0,"(-0.15815943479537964, -0.1908959001302719, 419.2152099609375)"
2018/05/29/10:46:56.486568,[],0,"(-0.16835841536521912, -0.1908527910709381, 419.5155944824219)"
2018/05/29/10:46:56.500477,[],0,"(-0.163265660405159, -0.17456069588661194, 419.3656005859375)"
2018/05/29/10:46:56.532408,[],0,"(-0.163265660405159, -0.17456069588661194, 419.3656005859375)"
2018/05/29/10:46:56.553966,[],0,"(-0.163265660405159, -0.17456069588661194, 419.3656005859375)"
2018/05/29/10:46:56.583459,[],0,"(-0.163265660405159, -0.17456069588661194, 419.3656005859375)"
2018/05/29/10:46:56.596825,[],0,"(-0.163265660405159, -0.17456069588661194, 419.3656005859375)"
2018/05/29/10:46:56.629365,[],0,"(-0.163265660405159, -0.17456069588661194, 419.3656005859375)"
2018/05/29/10:46:56.645511,[],0,"(-0.163265660405159, -0.17456069588661194, 419.3656005859375)"
2018/05/29/10:46:56.676601,[],0,"(-0.15815943479537964, -0.1908959001302719, 419.2152099609375)"
2018/05/29/10:46:56.694412,[],0,"(-0.15815943479537964, -0.1908959001302719, 419.2152099609375)"
2018/05/29/10:46:56.708608,[],0,"(-0.163265660405159, -0.17456069588661194, 419.3656005859375)"
2018/05/29/10:46:56.740213,[],0,"(-0.15815943479537964, -0.1908959001302719, 419.2152099609375)"
2018/05/29/10:46:56.756960,[],0,"(-0.15815943479537964, -0.1908959001302719, 419.2152099609375)"
2018/05/29/10:46:56.773346,[],0,"(-0.163265660405159, -0.17456069588661194, 419.3656005859375)"
2018/05/29/10:46:56.804283,[],0,"(-0.163265660405159, -0.17456069588661194, 419.3656005859375)"
2018/05/29/10:46:56.821002,[],0,"(-0.163265660405159, -0.17456069588661194, 419.3656005859375)"
2018/05/29/10:46:56.837693,[],0,"(-0.163265660405159, -0.17456069588661194, 419.3656005859375)"
2018/05/29/10:46:56.869387,[],0,"(-0.163265660405159, -0.17456069588661194, 419.3656005859375)"
2018/05/29/10:46:56.885551,[],0,"(-0.163265660405159, -0.17456069588661194, 419.3656005859375)"
2018/05/29/10:46:56.901055,[],0,"(-0.163265660405159, -0.17456069588661194, 419.3656005859375)"
2018/05/29/10:46:56.932943,[],0,"(-0.163265660405159, -0.17456069588661194, 419.3656005859375)"
2018/05/29/10:46:56.949246,[],0,"(-0.15815943479537964, -0.1908959001302719, 419.2152099609375)"
2018/05/29/10:46:56.965139,[],0,"(-0.16835841536521912, -0.1908527910709381, 419.5155944824219)"
2018/05/29/10:46:56.998584,[],0,"(-0.163265660405159, -0.17456069588661194, 419.3656005859375)"
2018/05/29/10:46:57.012551,[],0,"(-0.15815943479537964, -0.1908959001302719, 419.2152099609375)"
2018/05/29/10:46:57.029215,[],0,"(-0.163265660405159, -0.17456069588661194, 419.3656005859375)"
2018/05/29/10:46:57.060821,[],0,"(-0.163265660405159, -0.17456069588661194, 419.3656005859375)"
2018/05/29/10:46:57.077221,[],0,"(-0.163265660405159, -0.17456069588661194, 419.3656005859375)"
2018/05/29/10:46:57.108069,[],0,"(-0.163265660405159, -0.17456069588661194, 419.3656005859375)"
2018/05/29/10:46:57.130607,[],0,"(-0.163265660405159, -0.17456069588661194, 419.3656005859375)"
2018/05/29/10:46:57.156842,[],0,"(-0.163265660405159, -0.17456069588661194, 419.3656005859375)"
2018/05/29/10:46:57.172456,[],0,"(-0.15815943479537964, -0.1908959001302719, 419.2152099609375)"
2018/05/29/10:46:57.204274,[],0,"(-0.163265660405159, -0.17456069588661194, 419.3656005859375)"
2018/05/29/10:46:57.220899,[],0,"(-0.163265660405159, -0.17456069588661194, 419.3656005859375)"
2018/05/29/10:46:57.237589,[],0,"(-0.163265660405159, -0.17456069588661194, 419.3656005859375)"
2018/05/29/10:46:57.268824,[],0,"(-0.15815943479537964, -0.1908959001302719, 419.2152099609375)"
2018/05/29/10:46:57.285690,[],0,"(-0.163265660405159, -0.17456069588661194, 419.3656005859375)"
2018/05/29/10:46:57.315985,[],0,"(-0.15815943479537964, -0.1908959001302719, 419.2152099609375)"
2018/05/29/10:46:57.332520,[],0,"(-0.163265660405159, -0.17456069588661194, 419.3656005859375)"
2018/05/29/10:46:57.349987,[],0,"(-0.163265660405159, -0.17456069588661194, 419.3656005859375)"
2018/05/29/10:46:57.380022,[],0,"(-0.15815943479537964, -0.1908959001302719, 419.2152099609375)"
2018/05/29/10:46:57.397144,[],0,"(-0.15815943479537964, -0.1908959001302719, 419.2152099609375)"
2018/05/29/10:46:57.415535,[],0,"(-0.163265660405159, -0.17456069588661194, 419.3656005859375)"
2018/05/29/10:46:57.445071,[],0,"(-0.16325220465660095, -0.20718802511692047, 419.3652038574219)"
2018/05/29/10:46:57.461072,[],0,"(-0.15815943479537964, -0.1908959001302719, 419.2152099609375)"
2018/05/29/10:46:57.476620,[],0,"(-0.15815943479537964, -0.1908959001302719, 419.2152099609375)"
2018/05/29/10:46:57.507908,[],0,"(-0.16835841536521912, -0.1908527910709381, 419.5155944824219)"
2018/05/29/10:46:57.526191,[],0,"(-0.163265660405159, -0.17456069588661194, 419.3656005859375)"
2018/05/29/10:46:57.539924,[],0,"(-0.16835841536521912, -0.1908527910709381, 419.5155944824219)"
2018/05/29/10:46:57.571828,[],0,"(-0.163265660405159, -0.17456069588661194, 419.3656005859375)"
2018/05/29/10:46:57.588512,[],0,"(-0.163265660405159, -0.17456069588661194, 419.3656005859375)"
2018/05/29/10:46:57.604901,[],0,"(-0.163265660405159, -0.17456069588661194, 419.3656005859375)"
2018/05/29/10:46:57.635926,[],0,"(-0.15815943479537964, -0.1908959001302719, 419.2152099609375)"
2018/05/29/10:46:57.655190,[],0,"(-0.163265660405159, -0.17456069588661194, 419.3656005859375)"
2018/05/29/10:46:57.668025,[],0,"(-0.15815943479537964, -0.1908959001302719, 419.2152099609375)"
2018/05/29/10:46:57.700484,[],0,"(-0.163265660405159, -0.17456069588661194, 419.3656005859375)"
2018/05/29/10:46:57.732044,[],0,"(-0.163265660405159, -0.17456069588661194, 419.3656005859375)"
2018/05/29/10:46:57.748025,[],0,"(-0.163265660405159, -0.17456069588661194, 419.3656005859375)"
2018/05/29/10:46:57.779845,[],0,"(-0.163265660405159, -0.17456069588661194, 419.3656005859375)"
2018/05/29/10:46:57.796068,[],0,"(-0.163265660405159, -0.17456069588661194, 419.3656005859375)"
2018/05/29/10:46:57.812389,[],0,"(-0.15815943479537964, -0.1908959001302719, 419.2152099609375)"
2018/05/29/10:46:57.844176,[],0,"(-0.163265660405159, -0.17456069588661194, 419.3656005859375)"
2018/05/29/10:46:57.861160,[],0,"(-0.163265660405159, -0.17456069588661194, 419.3656005859375)"
2018/05/29/10:46:57.876890,[],0,"(-0.16835841536521912, -0.1908527910709381, 419.5155944824219)"
2018/05/29/10:46:57.908292,[],0,"(-0.163265660405159, -0.17456069588661194, 419.3656005859375)"
2018/05/29/10:46:57.924726,[],0,"(-0.16835841536521912, -0.1908527910709381, 419.5155944824219)"
2018/05/29/10:46:57.956060,[],0,"(-0.163265660405159, -0.17456069588661194, 419.3656005859375)"
2018/05/29/10:46:57.973612,[],0,"(-0.163265660405159, -0.17456069588661194, 419.3656005859375)"
2018/05/29/10:46:57.988981,[],0,"(-0.15817418694496155, -0.19419917464256287, 419.51556396484375)"
2018/05/29/10:46:58.019741,[],0,"(-0.15815943479537964, -0.1908959001302719, 419.2152099609375)"
2018/05/29/10:46:58.035732,[],0,"(-0.163265660405159, -0.17456069588661194, 419.3656005859375)"
2018/05/29/10:46:58.052040,[],0,"(-0.16835841536521912, -0.1908527910709381, 419.5155944824219)"
2018/05/29/10:46:58.083721,[],0,"(-0.16835841536521912, -0.1908527910709381, 419.5155944824219)"
2018/05/29/10:46:58.100977,[],0,"(-0.163265660405159, -0.17456069588661194, 419.3656005859375)"
2018/05/29/10:46:58.116806,[],0,"(-0.15815943479537964, -0.1908959001302719, 419.2152099609375)"
2018/05/29/10:46:58.147527,[],0,"(-0.163265660405159, -0.17456069588661194, 419.3656005859375)"
2018/05/29/10:46:58.164885,[],0,"(-0.15815943479537964, -0.1908959001302719, 419.2152099609375)"
2018/05/29/10:46:58.181319,[],0,"(-0.163265660405159, -0.17456069588661194, 419.3656005859375)"
2018/05/29/10:46:58.212078,[],0,"(-0.163265660405159, -0.17456069588661194, 419.3656005859375)"
2018/05/29/10:46:58.228913,[],0,"(-0.16835841536521912, -0.1908527910709381, 419.5155944824219)"
2018/05/29/10:46:58.245799,[],0,"(-0.15815943479537964, -0.1908959001302719, 419.2152099609375)"
2018/05/29/10:46:58.276462,[],0,"(-0.163265660405159, -0.17456069588661194, 419.3656005859375)"
2018/05/29/10:46:58.308542,[],0,"(-0.163265660405159, -0.17456069588661194, 419.3656005859375)"
2018/05/29/10:46:58.324678,[],0,"(-0.15815943479537964, -0.1908959001302719, 419.2152099609375)"
2018/05/29/10:46:58.355276,[],0,"(-0.163265660405159, -0.17456069588661194, 419.3656005859375)"
2018/05/29/10:46:58.371900,[],0,"(-0.16325220465660095, -0.20718802511692047, 419.3652038574219)"
2018/05/29/10:46:58.387716,[],0,"(-0.15815943479537964, -0.1908959001302719, 419.2152099609375)"
2018/05/29/10:46:58.419295,[],0,"(-0.15815943479537964, -0.1908959001302719, 419.2152099609375)"
2018/05/29/10:46:58.437187,[],0,"(-0.15815943479537964, -0.1908959001302719, 419.2152099609375)"
2018/05/29/10:46:58.451590,[],0,"(-0.15815943479537964, -0.1908959001302719, 419.2152099609375)"
2018/05/29/10:46:58.483868,[],0,"(-0.163265660405159, -0.17456069588661194, 419.3656005859375)"
2018/05/29/10:46:58.499768,[],0,"(-0.163265660405159, -0.17456069588661194, 419.3656005859375)"
2018/05/29/10:46:58.531138,[],0,"(-0.163265660405159, -0.17456069588661194, 419.3656005859375)"
2018/05/29/10:46:58.548071,[],0,"(-0.15815943479537964, -0.1908959001302719, 419.2152099609375)"
2018/05/29/10:46:58.564157,[],0,"(-0.15817418694496155, -0.19419917464256287, 419.51556396484375)"
2018/05/29/10:46:58.595154,[],0,"(-0.163265660405159, -0.17456069588661194, 419.3656005859375)"
2018/05/29/10:46:58.611284,[],0,"(-0.163265660405159, -0.17456069588661194, 419.3656005859375)"
2018/05/29/10:46:58.627398,[],0,"(-0.163265660405159, -0.17456069588661194, 419.3656005859375)"
2018/05/29/10:46:58.659218,[],0,"(-0.163265660405159, -0.17456069588661194, 419.3656005859375)"
2018/05/29/10:46:58.675374,[],0,"(-0.163265660405159, -0.17456069588661194, 419.3656005859375)"
2018/05/29/10:46:58.691403,[],0,"(-0.163265660405159, -0.17456069588661194, 419.3656005859375)"
2018/05/29/10:46:58.723281,[],0,"(-0.163265660405159, -0.17456069588661194, 419.3656005859375)"
2018/05/29/10:46:58.739805,[],0,"(-0.16835841536521912, -0.1908527910709381, 419.5155944824219)"
2018/05/29/10:46:58.755722,[],0,"(-0.163265660405159, -0.17456069588661194, 419.3656005859375)"
2018/05/29/10:46:58.787218,[],0,"(-0.163265660405159, -0.17456069588661194, 419.3656005859375)"
2018/05/29/10:46:58.803850,[],0,"(-0.163265660405159, -0.17456069588661194, 419.3656005859375)"
2018/05/29/10:46:58.820824,[],0,"(-0.16835841536521912, -0.1908527910709381, 419.5155944824219)"
2018/05/29/10:46:58.852422,[],0,"(-0.16835841536521912, -0.1908527910709381, 419.5155944824219)"
2018/05/29/10:46:58.884924,[],0,"(-0.16325220465660095, -0.20718802511692047, 419.3652038574219)"
2018/05/29/10:46:58.900048,[],0,"(-0.16835841536521912, -0.1908527910709381, 419.5155944824219)"
2018/05/29/10:46:58.930938,[],0,"(-0.163265660405159, -0.17456069588661194, 419.3656005859375)"
2018/05/29/10:46:58.947566,[],0,"(-0.163265660405159, -0.17456069588661194, 419.3656005859375)"
2018/05/29/10:46:58.964123,[],0,"(-0.15815943479537964, -0.1908959001302719, 419.2152099609375)"
2018/05/29/10:46:58.995225,[],0,"(-0.163265660405159, -0.17456069588661194, 419.3656005859375)"
2018/05/29/10:46:59.011487,[],0,"(-0.163265660405159, -0.17456069588661194, 419.3656005859375)"
2018/05/29/10:46:59.027707,[],0,"(-0.16325220465660095, -0.20718802511692047, 419.3652038574219)"
2018/05/29/10:46:59.059140,[],0,"(-0.163265660405159, -0.17456069588661194, 419.3656005859375)"
2018/05/29/10:46:59.077258,[],0,"(-0.16325220465660095, -0.20718802511692047, 419.3652038574219)"
2018/05/29/10:46:59.091573,[],0,"(-0.163265660405159, -0.17456069588661194, 419.3656005859375)"
2018/05/29/10:46:59.123631,[],0,"(-0.16325220465660095, -0.20718802511692047, 419.3652038574219)"
2018/05/29/10:46:59.140906,[],0,"(-0.16835841536521912, -0.1908527910709381, 419.5155944824219)"
2018/05/29/10:46:59.170841,[],0,"(-0.163265660405159, -0.17456069588661194, 419.3656005859375)"
2018/05/29/10:46:59.187034,[],0,"(-0.163265660405159, -0.17456069588661194, 419.3656005859375)"
2018/05/29/10:46:59.204369,[],0,"(-0.163265660405159, -0.17456069588661194, 419.3656005859375)"
2018/05/29/10:46:59.235626,[],0,"(-0.15815943479537964, -0.1908959001302719, 419.2152099609375)"
2018/05/29/10:46:59.251659,[],0,"(-0.163265660405159, -0.17456069588661194, 419.3656005859375)"
2018/05/29/10:46:59.267275,[],0,"(-0.163265660405159, -0.17456069588661194, 419.3656005859375)"
2018/05/29/10:46:59.298668,[],0,"(-0.163265660405159, -0.17456069588661194, 419.3656005859375)"
2018/05/29/10:46:59.315022,[],0,"(-0.163265660405159, -0.17456069588661194, 419.3656005859375)"
2018/05/29/10:46:59.331719,[],0,"(-0.1530679613351822, -0.21053439378738403, 419.36517333984375)"
2018/05/29/10:46:59.362634,[],0,"(-0.163265660405159, -0.17456069588661194, 419.3656005859375)"
2018/05/29/10:46:59.378896,[],0,"(-0.163265660405159, -0.17456069588661194, 419.3656005859375)"
2018/05/29/10:46:59.395697,[],0,"(-0.15815943479537964, -0.1908959001302719, 419.2152099609375)"
2018/05/29/10:46:59.426799,[],0,"(-0.15815943479537964, -0.1908959001302719, 419.2152099609375)"
2018/05/29/10:46:59.459538,[],0,"(-0.163265660405159, -0.17456069588661194, 419.3656005859375)"
2018/05/29/10:46:59.474959,[],0,"(-0.163265660405159, -0.17456069588661194, 419.3656005859375)"
2018/05/29/10:46:59.506868,[],0,"(-0.16325220465660095, -0.20718802511692047, 419.3652038574219)"
2018/05/29/10:46:59.523430,[],0,"(-0.15815943479537964, -0.1908959001302719, 419.2152099609375)"
2018/05/29/10:46:59.539030,[],0,"(-0.15815943479537964, -0.1908959001302719, 419.2152099609375)"
2018/05/29/10:46:59.570988,[],0,"(-0.163265660405159, -0.17456069588661194, 419.3656005859375)"
2018/05/29/10:46:59.587314,[],0,"(-0.163265660405159, -0.17456069588661194, 419.3656005859375)"
2018/05/29/10:46:59.603818,[],0,"(-0.163265660405159, -0.17456069588661194, 419.3656005859375)"
2018/05/29/10:46:59.634510,[],0,"(-0.163265660405159, -0.17456069588661194, 419.3656005859375)"
2018/05/29/10:46:59.654768,[],0,"(-0.163265660405159, -0.17456069588661194, 419.3656005859375)"
2018/05/29/10:46:59.667234,[],0,"(-0.163265660405159, -0.17456069588661194, 419.3656005859375)"
2018/05/29/10:46:59.700138,[],0,"(-0.163265660405159, -0.17456069588661194, 419.3656005859375)"
2018/05/29/10:46:59.716259,[],0,"(-0.163265660405159, -0.17456069588661194, 419.3656005859375)"
2018/05/29/10:46:59.731751,[],0,"(-0.163265660405159, -0.17456069588661194, 419.3656005859375)"
2018/05/29/10:46:59.762672,[],0,"(-0.163265660405159, -0.17456069588661194, 419.3656005859375)"
2018/05/29/10:46:59.781538,[],0,"(-0.163265660405159, -0.17456069588661194, 419.3656005859375)"
2018/05/29/10:46:59.810753,[],0,"(-0.163265660405159, -0.17456069588661194, 419.3656005859375)"
2018/05/29/10:46:59.827333,[],0,"(-0.15817418694496155, -0.19419917464256287, 419.51556396484375)"
2018/05/29/10:46:59.844160,[],0,"(-0.15815943479537964, -0.1908959001302719, 419.2152099609375)"
2018/05/29/10:46:59.875968,[],0,"(-0.15817418694496155, -0.19419917464256287, 419.51556396484375)"
2018/05/29/10:46:59.891565,[],0,"(-0.163265660405159, -0.17456069588661194, 419.3656005859375)"
2018/05/29/10:46:59.906495,[],0,"(-0.163265660405159, -0.17456069588661194, 419.3656005859375)"
2018/05/29/10:46:59.938310,[],0,"(-0.163265660405159, -0.17456069588661194, 419.3656005859375)"
2018/05/29/10:46:59.955143,[],0,"(-0.163265660405159, -0.17456069588661194, 419.3656005859375)"
2018/05/29/10:46:59.971170,[],0,"(-0.163265660405159, -0.17456069588661194, 419.3656005859375)"
2018/05/29/10:47:00.002538,[],0,"(-0.163265660405159, -0.17456069588661194, 419.3656005859375)"
2018/05/29/10:47:00.036055,[],0,"(-0.15817418694496155, -0.19419917464256287, 419.51556396484375)"
2018/05/29/10:47:00.050413,[],0,"(-0.15815943479537964, -0.1908959001302719, 419.2152099609375)"
2018/05/29/10:47:00.082335,[],0,"(-0.15817418694496155, -0.19419917464256287, 419.51556396484375)"
2018/05/29/10:47:00.100492,[],0,"(-0.15815943479537964, -0.1908959001302719, 419.2152099609375)"
2018/05/29/10:47:00.114992,[],0,"(-0.163265660405159, -0.17456069588661194, 419.3656005859375)"
2018/05/29/10:47:00.146676,[],0,"(-0.15815943479537964, -0.1908959001302719, 419.2152099609375)"
2018/05/29/10:47:00.163031,[],0,"(-0.163265660405159, -0.17456069588661194, 419.3656005859375)"
2018/05/29/10:47:00.182378,[],0,"(-0.15815943479537964, -0.1908959001302719, 419.2152099609375)"
2018/05/29/10:47:00.211556,[],0,"(-0.15815943479537964, -0.1908959001302719, 419.2152099609375)"
2018/05/29/10:47:00.227922,[],0,"(-0.16835841536521912, -0.1908527910709381, 419.5155944824219)"
2018/05/29/10:47:00.244470,[],0,"(-0.163265660405159, -0.17456069588661194, 419.3656005859375)"
2018/05/29/10:47:00.275390,[],0,"(-0.163265660405159, -0.17456069588661194, 419.3656005859375)"
2018/05/29/10:47:00.291334,[],0,"(-0.163265660405159, -0.17456069588661194, 419.3656005859375)"
2018/05/29/10:47:00.306856,[],0,"(-0.16326695680618286, -0.21049128472805023, 419.6655578613281)"
2018/05/29/10:47:00.338408,[],0,"(-0.15817418694496155, -0.19419917464256287, 419.51556396484375)"
2018/05/29/10:47:00.355784,[],0,"(-0.163265660405159, -0.17456069588661194, 419.3656005859375)"
2018/05/29/10:47:00.370999,[],0,"(-0.163265660405159, -0.17456069588661194, 419.3656005859375)"
2018/05/29/10:47:00.402525,[],0,"(-0.163265660405159, -0.17456069588661194, 419.3656005859375)"
2018/05/29/10:47:00.418274,[],0,"(-0.163265660405159, -0.17456069588661194, 419.3656005859375)"
2018/05/29/10:47:00.450046,[],0,"(-0.16835841536521912, -0.1908527910709381, 419.5155944824219)"
2018/05/29/10:47:00.466452,[],0,"(-0.15817418694496155, -0.19419917464256287, 419.51556396484375)"
2018/05/29/10:47:00.484900,[],0,"(-0.15815943479537964, -0.1908959001302719, 419.2152099609375)"
2018/05/29/10:47:00.514082,[],0,"(-0.163265660405159, -0.17456069588661194, 419.3656005859375)"
2018/05/29/10:47:00.530441,[],0,"(-0.163265660405159, -0.17456069588661194, 419.3656005859375)"
2018/05/29/10:47:00.546274,[],0,"(-0.16835841536521912, -0.1908527910709381, 419.5155944824219)"
2018/05/29/10:47:00.578349,[],0,"(-0.163265660405159, -0.17456069588661194, 419.3656005859375)"
2018/05/29/10:47:00.610019,[],0,"(-0.163265660405159, -0.17456069588661194, 419.3656005859375)"
2018/05/29/10:47:00.627821,[],0,"(-0.163265660405159, -0.17456069588661194, 419.3656005859375)"
2018/05/29/10:47:00.658131,[],0,"(-0.163265660405159, -0.17456069588661194, 419.3656005859375)"
2018/05/29/10:47:00.675002,[],0,"(-0.15815943479537964, -0.1908959001302719, 419.2152099609375)"
2018/05/29/10:47:00.690692,[],0,"(-0.163265660405159, -0.17456069588661194, 419.3656005859375)"
2018/05/29/10:47:00.721874,[],0,"(-0.163265660405159, -0.17456069588661194, 419.3656005859375)"
2018/05/29/10:47:00.738524,[],0,"(-0.15815943479537964, -0.1908959001302719, 419.2152099609375)"
2018/05/29/10:47:00.754484,[],0,"(-0.16325220465660095, -0.20718802511692047, 419.3652038574219)"
2018/05/29/10:47:00.785827,[],0,"(-0.15815943479537964, -0.1908959001302719, 419.2152099609375)"
2018/05/29/10:47:00.802510,[],0,"(-0.163265660405159, -0.17456069588661194, 419.3656005859375)"
2018/05/29/10:47:00.819031,[],0,"(-0.163265660405159, -0.17456069588661194, 419.3656005859375)"
2018/05/29/10:47:00.849731,[],0,"(-0.163265660405159, -0.17456069588661194, 419.3656005859375)"
2018/05/29/10:47:00.867037,[],0,"(-0.163265660405159, -0.17456069588661194, 419.3656005859375)"
2018/05/29/10:47:00.881983,[],0,"(-0.163265660405159, -0.17456069588661194, 419.3656005859375)"
2018/05/29/10:47:00.913932,[],0,"(-0.163265660405159, -0.17456069588661194, 419.3656005859375)"
2018/05/29/10:47:00.930199,[],0,"(-0.163265660405159, -0.17456069588661194, 419.3656005859375)"
2018/05/29/10:47:00.946415,[],0,"(-0.163265660405159, -0.17456069588661194, 419.3656005859375)"
2018/05/29/10:47:00.977897,[],0,"(-0.163265660405159, -0.17456069588661194, 419.3656005859375)"
2018/05/29/10:47:00.994162,[],0,"(-0.163265660405159, -0.17456069588661194, 419.3656005859375)"
2018/05/29/10:47:01.025632,[],0,"(-0.163265660405159, -0.17456069588661194, 419.3656005859375)"
2018/05/29/10:47:01.042507,[],0,"(-0.163265660405159, -0.17456069588661194, 419.3656005859375)"
2018/05/29/10:47:01.059858,[],0,"(-0.163265660405159, -0.17456069588661194, 419.3656005859375)"
2018/05/29/10:47:01.089556,[],0,"(-0.15815943479537964, -0.1908959001302719, 419.2152099609375)"
2018/05/29/10:47:01.105852,[],0,"(-0.163265660405159, -0.17456069588661194, 419.3656005859375)"
2018/05/29/10:47:01.122108,[],0,"(-0.15815943479537964, -0.1908959001302719, 419.2152099609375)"
2018/05/29/10:47:01.153607,[],0,"(-0.15815943479537964, -0.1908959001302719, 419.2152099609375)"
2018/05/29/10:47:01.186112,[],0,"(-0.163265660405159, -0.17456069588661194, 419.3656005859375)"
2018/05/29/10:47:01.201721,[],0,"(-0.163265660405159, -0.17456069588661194, 419.3656005859375)"
2018/05/29/10:47:01.234289,[],0,"(-0.163265660405159, -0.17456069588661194, 419.3656005859375)"
2018/05/29/10:47:01.250574,[],0,"(-0.163265660405159, -0.17456069588661194, 419.3656005859375)"
2018/05/29/10:47:01.266636,[],0,"(-0.163265660405159, -0.17456069588661194, 419.3656005859375)"
2018/05/29/10:47:01.297479,[],0,"(-0.163265660405159, -0.17456069588661194, 419.3656005859375)"
2018/05/29/10:47:01.313739,[],0,"(-0.163265660405159, -0.17456069588661194, 419.3656005859375)"
2018/05/29/10:47:01.329981,[],0,"(-0.163265660405159, -0.17456069588661194, 419.3656005859375)"
2018/05/29/10:47:01.361404,[],0,"(-0.15815943479537964, -0.1908959001302719, 419.2152099609375)"
2018/05/29/10:47:01.377871,[],0,"(-0.163265660405159, -0.17456069588661194, 419.3656005859375)"
2018/05/29/10:47:01.393814,[],0,"(-0.163265660405159, -0.17456069588661194, 419.3656005859375)"
2018/05/29/10:47:01.425421,[],0,"(-0.163265660405159, -0.17456069588661194, 419.3656005859375)"
2018/05/29/10:47:01.441799,[],0,"(-0.163265660405159, -0.17456069588661194, 419.3656005859375)"
2018/05/29/10:47:01.458555,[],0,"(-0.163265660405159, -0.17456069588661194, 419.3656005859375)"
2018/05/29/10:47:01.489403,[],0,"(-0.163265660405159, -0.17456069588661194, 419.3656005859375)"
2018/05/29/10:47:01.505516,[],0,"(-0.16835841536521912, -0.1908527910709381, 419.5155944824219)"
2018/05/29/10:47:01.522352,[],0,"(-0.163265660405159, -0.17456069588661194, 419.3656005859375)"
2018/05/29/10:47:01.553299,[],0,"(-0.163265660405159, -0.17456069588661194, 419.3656005859375)"
2018/05/29/10:47:01.571595,[],0,"(-0.163265660405159, -0.17456069588661194, 419.3656005859375)"
2018/05/29/10:47:01.585680,[],0,"(-0.163265660405159, -0.17456069588661194, 419.3656005859375)"
2018/05/29/10:47:01.617232,[],0,"(-0.163265660405159, -0.17456069588661194, 419.3656005859375)"
2018/05/29/10:47:01.633619,[],0,"(-0.163265660405159, -0.17456069588661194, 419.3656005859375)"
2018/05/29/10:47:01.665941,[],0,"(-0.163265660405159, -0.17456069588661194, 419.3656005859375)"
2018/05/29/10:47:01.682474,[],0,"(-0.163265660405159, -0.17456069588661194, 419.3656005859375)"
2018/05/29/10:47:01.703194,[],0,"(-0.163265660405159, -0.17456069588661194, 419.3656005859375)"
2018/05/29/10:47:01.729225,[],0,"(-0.163265660405159, -0.17456069588661194, 419.3656005859375)"
2018/05/29/10:47:01.761241,[],0,"(-0.15815943479537964, -0.1908959001302719, 419.2152099609375)"
2018/05/29/10:47:01.778120,[],0,"(-0.15815943479537964, -0.1908959001302719, 419.2152099609375)"
2018/05/29/10:47:01.794216,[],0,"(-0.163265660405159, -0.17456069588661194, 419.3656005859375)"
2018/05/29/10:47:01.825786,[],0,"(-0.15815943479537964, -0.1908959001302719, 419.2152099609375)"
2018/05/29/10:47:01.842233,[],0,"(-0.163265660405159, -0.17456069588661194, 419.3656005859375)"
2018/05/29/10:47:01.873125,[],0,"(-0.163265660405159, -0.17456069588661194, 419.3656005859375)"
2018/05/29/10:47:01.889812,[],0,"(-0.163265660405159, -0.17456069588661194, 419.3656005859375)"
2018/05/29/10:47:01.906073,[],0,"(-0.163265660405159, -0.17456069588661194, 419.3656005859375)"
2018/05/29/10:47:01.937190,[],0,"(-0.163265660405159, -0.17456069588661194, 419.3656005859375)"
2018/05/29/10:47:01.955005,[],0,"(-0.163265660405159, -0.17456069588661194, 419.3656005859375)"
2018/05/29/10:47:01.969408,[],0,"(-0.163265660405159, -0.17456069588661194, 419.3656005859375)"
2018/05/29/10:47:02.002516,[],0,"(-0.163265660405159, -0.17456069588661194, 419.3656005859375)"
2018/05/29/10:47:02.017309,[],0,"(-0.15815943479537964, -0.1908959001302719, 419.2152099609375)"
2018/05/29/10:47:02.038753,[],0,"(-0.15815943479537964, -0.1908959001302719, 419.2152099609375)"
2018/05/29/10:47:02.065193,[],0,"(-0.16835841536521912, -0.1908527910709381, 419.5155944824219)"
2018/05/29/10:47:02.081696,[],0,"(-0.163265660405159, -0.17456069588661194, 419.3656005859375)"
2018/05/29/10:47:02.098739,[],0,"(-0.163265660405159, -0.17456069588661194, 419.3656005859375)"
2018/05/29/10:47:02.129105,[],0,"(-0.163265660405159, -0.17456069588661194, 419.3656005859375)"
2018/05/29/10:47:02.146310,[],0,"(-0.16835841536521912, -0.1908527910709381, 419.5155944824219)"
2018/05/29/10:47:02.166282,[],0,"(-0.163265660405159, -0.17456069588661194, 419.3656005859375)"
2018/05/29/10:47:02.193154,[],0,"(-0.163265660405159, -0.17456069588661194, 419.3656005859375)"
2018/05/29/10:47:02.210589,[],0,"(-0.163265660405159, -0.17456069588661194, 419.3656005859375)"
2018/05/29/10:47:02.226354,[],0,"(-0.163265660405159, -0.17456069588661194, 419.3656005859375)"
2018/05/29/10:47:02.257473,[],0,"(-0.163265660405159, -0.17456069588661194, 419.3656005859375)"
2018/05/29/10:47:02.274240,[],0,"(-0.16835841536521912, -0.1908527910709381, 419.5155944824219)"
2018/05/29/10:47:02.304881,[],0,"(-0.15815943479537964, -0.1908959001302719, 419.2152099609375)"
2018/05/29/10:47:02.337029,[],0,"(-0.163265660405159, -0.17456069588661194, 419.3656005859375)"
2018/05/29/10:47:02.353825,[],0,"(-0.163265660405159, -0.17456069588661194, 419.3656005859375)"
2018/05/29/10:47:02.369542,[],0,"(-0.163265660405159, -0.17456069588661194, 419.3656005859375)"
2018/05/29/10:47:02.400885,[],0,"(-0.163265660405159, -0.17456069588661194, 419.3656005859375)"
2018/05/29/10:47:02.419878,[],0,"(-0.163265660405159, -0.17456069588661194, 419.3656005859375)"
2018/05/29/10:47:02.434092,[],0,"(-0.163265660405159, -0.17456069588661194, 419.3656005859375)"
2018/05/29/10:47:02.466412,[],0,"(-0.163265660405159, -0.17456069588661194, 419.3656005859375)"
2018/05/29/10:47:02.481301,[],0,"(-0.163265660405159, -0.17456069588661194, 419.3656005859375)"
2018/05/29/10:47:02.512739,[],0,"(-0.163265660405159, -0.17456069588661194, 419.3656005859375)"
2018/05/29/10:47:02.529030,[],0,"(-0.16835841536521912, -0.1908527910709381, 419.5155944824219)"
2018/05/29/10:47:02.545578,[],0,"(-0.163265660405159, -0.17456069588661194, 419.3656005859375)"
2018/05/29/10:47:02.576720,[],0,"(-0.15815943479537964, -0.1908959001302719, 419.2152099609375)"
2018/05/29/10:47:02.593125,[],0,"(-0.163265660405159, -0.17456069588661194, 419.3656005859375)"
2018/05/29/10:47:02.610059,[],0,"(-0.15815943479537964, -0.1908959001302719, 419.2152099609375)"
2018/05/29/10:47:02.640805,[],0,"(-0.15815943479537964, -0.1908959001302719, 419.2152099609375)"
2018/05/29/10:47:02.658674,[],0,"(-0.163265660405159, -0.17456069588661194, 419.3656005859375)"
2018/05/29/10:47:02.673292,[],0,"(-0.15815943479537964, -0.1908959001302719, 419.2152099609375)"
2018/05/29/10:47:02.704787,[],0,"(-0.163265660405159, -0.17456069588661194, 419.3656005859375)"
2018/05/29/10:47:02.723349,[],0,"(-0.163265660405159, -0.17456069588661194, 419.3656005859375)"
2018/05/29/10:47:02.737028,[],0,"(-0.163265660405159, -0.17456069588661194, 419.3656005859375)"
2018/05/29/10:47:02.768842,[],0,"(-0.163265660405159, -0.17456069588661194, 419.3656005859375)"
2018/05/29/10:47:02.785595,[],0,"(-0.163265660405159, -0.17456069588661194, 419.3656005859375)"
2018/05/29/10:47:02.800675,[],0,"(-0.16835841536521912, -0.1908527910709381, 419.5155944824219)"
2018/05/29/10:47:02.832832,[],0,"(-0.163265660405159, -0.17456069588661194, 419.3656005859375)"
2018/05/29/10:47:02.849179,[],0,"(-0.163265660405159, -0.17456069588661194, 419.3656005859375)"
2018/05/29/10:47:02.866935,[],0,"(-0.163265660405159, -0.17456069588661194, 419.3656005859375)"
2018/05/29/10:47:02.912514,[],0,"(-0.163265660405159, -0.17456069588661194, 419.3656005859375)"
2018/05/29/10:47:02.929459,[],0,"(-0.163265660405159, -0.17456069588661194, 419.3656005859375)"
2018/05/29/10:47:02.945542,[],0,"(-0.15817418694496155, -0.19419917464256287, 419.51556396484375)"
2018/05/29/10:47:02.976539,[],0,"(-0.163265660405159, -0.17456069588661194, 419.3656005859375)"
2018/05/29/10:47:02.993776,[],0,"(-0.163265660405159, -0.17456069588661194, 419.3656005859375)"
2018/05/29/10:47:03.009970,[],0,"(-0.163265660405159, -0.17456069588661194, 419.3656005859375)"
2018/05/29/10:47:03.040559,[],0,"(-0.15815943479537964, -0.1908959001302719, 419.2152099609375)"
2018/05/29/10:47:03.058302,[],0,"(-0.163265660405159, -0.17456069588661194, 419.3656005859375)"
2018/05/29/10:47:03.073188,[],0,"(-0.163265660405159, -0.17456069588661194, 419.3656005859375)"
2018/05/29/10:47:03.104560,[],0,"(-0.15815943479537964, -0.1908959001302719, 419.2152099609375)"
2018/05/29/10:47:03.121321,[],0,"(-0.15815943479537964, -0.1908959001302719, 419.2152099609375)"
2018/05/29/10:47:03.152479,[],0,"(-0.15815943479537964, -0.1908959001302719, 419.2152099609375)"
2018/05/29/10:47:03.169272,[],0,"(-0.15817418694496155, -0.19419917464256287, 419.51556396484375)"
2018/05/29/10:47:03.184974,[],0,"(-0.1530679613351822, -0.21053439378738403, 419.36517333984375)"
2018/05/29/10:47:03.216683,[],0,"(-0.163265660405159, -0.17456069588661194, 419.3656005859375)"
2018/05/29/10:47:03.233216,[],0,"(-0.163265660405159, -0.17456069588661194, 419.3656005859375)"
2018/05/29/10:47:03.248496,[],0,"(-0.163265660405159, -0.17456069588661194, 419.3656005859375)"
2018/05/29/10:47:03.280205,[],0,"(-0.163265660405159, -0.17456069588661194, 419.3656005859375)"
2018/05/29/10:47:03.297180,[],0,"(-0.163265660405159, -0.17456069588661194, 419.3656005859375)"
2018/05/29/10:47:03.312576,[],0,"(-0.163265660405159, -0.17456069588661194, 419.3656005859375)"
2018/05/29/10:47:03.344465,[],0,"(-0.163265660405159, -0.17456069588661194, 419.3656005859375)"
2018/05/29/10:47:03.363735,[],0,"(-0.16835841536521912, -0.1908527910709381, 419.5155944824219)"
2018/05/29/10:47:03.379595,[],0,"(-0.163265660405159, -0.17456069588661194, 419.3656005859375)"
2018/05/29/10:47:03.408416,[],0,"(-0.163265660405159, -0.17456069588661194, 419.3656005859375)"
2018/05/29/10:47:03.424629,[],0,"(-0.163265660405159, -0.17456069588661194, 419.3656005859375)"
2018/05/29/10:47:03.440846,[],0,"(-0.15815943479537964, -0.1908959001302719, 419.2152099609375)"
2018/05/29/10:47:03.488327,[],0,"(-0.15815943479537964, -0.1908959001302719, 419.2152099609375)"
2018/05/29/10:47:03.504797,[],0,"(-0.163265660405159, -0.17456069588661194, 419.3656005859375)"
2018/05/29/10:47:03.520861,[],0,"(-0.16835841536521912, -0.1908527910709381, 419.5155944824219)"
2018/05/29/10:47:03.552187,[],0,"(-0.163265660405159, -0.17456069588661194, 419.3656005859375)"
2018/05/29/10:47:03.569123,[],0,"(-0.163265660405159, -0.17456069588661194, 419.3656005859375)"
2018/05/29/10:47:03.584347,[],0,"(-0.15815943479537964, -0.1908959001302719, 419.2152099609375)"
2018/05/29/10:47:03.618372,[],0,"(-0.15815943479537964, -0.1908959001302719, 419.2152099609375)"
2018/05/29/10:47:03.632847,[],0,"(-0.15815943479537964, -0.1908959001302719, 419.2152099609375)"
2018/05/29/10:47:03.648609,[],0,"(-0.163265660405159, -0.17456069588661194, 419.3656005859375)"
2018/05/29/10:47:03.680099,[],0,"(-0.16835841536521912, -0.1908527910709381, 419.5155944824219)"
2018/05/29/10:47:03.696898,[],0,"(-0.15815943479537964, -0.1908959001302719, 419.2152099609375)"
2018/05/29/10:47:03.728198,[],0,"(-0.15815943479537964, -0.1908959001302719, 419.2152099609375)"
2018/05/29/10:47:03.745533,[],0,"(-0.163265660405159, -0.17456069588661194, 419.3656005859375)"
2018/05/29/10:47:03.761546,[],0,"(-0.163265660405159, -0.17456069588661194, 419.3656005859375)"
2018/05/29/10:47:03.792018,[],0,"(-0.15815943479537964, -0.1908959001302719, 419.2152099609375)"
2018/05/29/10:47:03.808838,[],0,"(-0.163265660405159, -0.17456069588661194, 419.3656005859375)"
2018/05/29/10:47:03.825002,[],0,"(-0.163265660405159, -0.17456069588661194, 419.3656005859375)"
2018/05/29/10:47:03.855912,[],0,"(-0.16325220465660095, -0.20718802511692047, 419.3652038574219)"
2018/05/29/10:47:03.872976,[],0,"(-0.163265660405159, -0.17456069588661194, 419.3656005859375)"
2018/05/29/10:47:03.888314,[],0,"(-0.163265660405159, -0.17456069588661194, 419.3656005859375)"
2018/05/29/10:47:03.919879,[],0,"(-0.163265660405159, -0.17456069588661194, 419.3656005859375)"
2018/05/29/10:47:03.936516,[],0,"(-0.16835841536521912, -0.1908527910709381, 419.5155944824219)"
2018/05/29/10:47:03.952689,[],0,"(-0.163265660405159, -0.17456069588661194, 419.3656005859375)"
2018/05/29/10:47:03.983778,[],0,"(-0.163265660405159, -0.17456069588661194, 419.3656005859375)"
2018/05/29/10:47:04.000714,[],0,"(-0.163265660405159, -0.17456069588661194, 419.3656005859375)"
2018/05/29/10:47:04.016915,[],0,"(-0.163265660405159, -0.17456069588661194, 419.3656005859375)"
2018/05/29/10:47:04.065340,[],0,"(-0.163265660405159, -0.17456069588661194, 419.3656005859375)"
2018/05/29/10:47:04.080711,[],0,"(-0.15817418694496155, -0.19419917464256287, 419.51556396484375)"
2018/05/29/10:47:04.096395,[],0,"(-0.163265660405159, -0.17456069588661194, 419.3656005859375)"
2018/05/29/10:47:04.128005,[],0,"(-0.15815943479537964, -0.1908959001302719, 419.2152099609375)"
2018/05/29/10:47:04.144443,[],0,"(-0.163265660405159, -0.17456069588661194, 419.3656005859375)"
2018/05/29/10:47:04.159815,[],0,"(-0.15815943479537964, -0.1908959001302719, 419.2152099609375)"
2018/05/29/10:47:04.191781,[],0,"(-0.15815943479537964, -0.1908959001302719, 419.2152099609375)"
2018/05/29/10:47:04.208401,[],0,"(-0.163265660405159, -0.17456069588661194, 419.3656005859375)"
2018/05/29/10:47:04.224864,[],0,"(-0.163265660405159, -0.17456069588661194, 419.3656005859375)"
2018/05/29/10:47:04.256401,[],0,"(-0.15815943479537964, -0.1908959001302719, 419.2152099609375)"
2018/05/29/10:47:04.273178,[],0,"(-0.15815943479537964, -0.1908959001302719, 419.2152099609375)"
2018/05/29/10:47:04.289223,[],0,"(-0.163265660405159, -0.17456069588661194, 419.3656005859375)"
2018/05/29/10:47:04.322783,[],0,"(-0.163265660405159, -0.17456069588661194, 419.3656005859375)"
2018/05/29/10:47:04.336075,[],0,"(-0.15815943479537964, -0.1908959001302719, 419.2152099609375)"
2018/05/29/10:47:04.372815,[],0,"(-0.163265660405159, -0.17456069588661194, 419.3656005859375)"
2018/05/29/10:47:04.383814,[],0,"(-0.15815943479537964, -0.1908959001302719, 419.2152099609375)"
2018/05/29/10:47:04.406921,[],0,"(-0.163265660405159, -0.17456069588661194, 419.3656005859375)"
2018/05/29/10:47:04.432137,[],0,"(-0.163265660405159, -0.17456069588661194, 419.3656005859375)"
2018/05/29/10:47:04.448577,[],0,"(-0.163265660405159, -0.17456069588661194, 419.3656005859375)"
2018/05/29/10:47:04.463844,[],0,"(-0.163265660405159, -0.17456069588661194, 419.3656005859375)"
2018/05/29/10:47:04.495549,[],0,"(-0.163265660405159, -0.17456069588661194, 419.3656005859375)"
2018/05/29/10:47:04.516298,[],0,"(-0.163265660405159, -0.17456069588661194, 419.3656005859375)"
2018/05/29/10:47:04.530282,[],0,"(-0.15815943479537964, -0.1908959001302719, 419.2152099609375)"
2018/05/29/10:47:04.559527,[],0,"(-0.15815943479537964, -0.1908959001302719, 419.2152099609375)"
2018/05/29/10:47:04.576532,[],0,"(-0.163265660405159, -0.17456069588661194, 419.3656005859375)"
2018/05/29/10:47:04.591672,[],0,"(-0.163265660405159, -0.17456069588661194, 419.3656005859375)"
2018/05/29/10:47:04.639346,[],0,"(-0.16325220465660095, -0.20718802511692047, 419.3652038574219)"
2018/05/29/10:47:04.655645,[],0,"(-0.15815943479537964, -0.1908959001302719, 419.2152099609375)"
2018/05/29/10:47:04.672224,[],0,"(-0.16325220465660095, -0.20718802511692047, 419.3652038574219)"
2018/05/29/10:47:04.705448,[],0,"(-0.163265660405159, -0.17456069588661194, 419.3656005859375)"
2018/05/29/10:47:04.719728,[],0,"(-0.15815943479537964, -0.1908959001302719, 419.2152099609375)"
2018/05/29/10:47:04.736682,[],0,"(-0.15815943479537964, -0.1908959001302719, 419.2152099609375)"
2018/05/29/10:47:04.767224,[],0,"(-0.163265660405159, -0.17456069588661194, 419.3656005859375)"
2018/05/29/10:47:04.784200,[],0,"(-0.15817418694496155, -0.19419917464256287, 419.51556396484375)"
2018/05/29/10:47:04.800276,[],0,"(-0.163265660405159, -0.17456069588661194, 419.3656005859375)"
2018/05/29/10:47:04.831232,[],0,"(-0.15815943479537964, -0.1908959001302719, 419.2152099609375)"
2018/05/29/10:47:04.847579,[],0,"(-0.163265660405159, -0.17456069588661194, 419.3656005859375)"
2018/05/29/10:47:04.864666,[],0,"(-0.163265660405159, -0.17456069588661194, 419.3656005859375)"
2018/05/29/10:47:04.895271,[],0,"(-0.16325220465660095, -0.20718802511692047, 419.3652038574219)"
2018/05/29/10:47:04.912973,[],0,"(-0.163265660405159, -0.17456069588661194, 419.3656005859375)"
2018/05/29/10:47:04.928337,[],0,"(-0.163265660405159, -0.17456069588661194, 419.3656005859375)"
2018/05/29/10:47:04.959328,[],0,"(-0.163265660405159, -0.17456069588661194, 419.3656005859375)"
2018/05/29/10:47:04.977962,[],0,"(-0.16326695680618286, -0.21049128472805023, 419.6655578613281)"
2018/05/29/10:47:05.007125,[],0,"(-0.163265660405159, -0.17456069588661194, 419.3656005859375)"
2018/05/29/10:47:05.024874,[],0,"(-0.163265660405159, -0.17456069588661194, 419.3656005859375)"
2018/05/29/10:47:05.039660,[],0,"(-0.163265660405159, -0.17456069588661194, 419.3656005859375)"
2018/05/29/10:47:05.071354,[],0,"(-0.163265660405159, -0.17456069588661194, 419.3656005859375)"
2018/05/29/10:47:05.088023,[],0,"(-0.163265660405159, -0.17456069588661194, 419.3656005859375)"
2018/05/29/10:47:05.103843,[],0,"(-0.163265660405159, -0.17456069588661194, 419.3656005859375)"
2018/05/29/10:47:05.135243,[],0,"(-0.15815943479537964, -0.1908959001302719, 419.2152099609375)"
2018/05/29/10:47:05.152273,[],0,"(-0.15815943479537964, -0.1908959001302719, 419.2152099609375)"
2018/05/29/10:47:05.168361,[],0,"(-0.15817418694496155, -0.19419917464256287, 419.51556396484375)"
2018/05/29/10:47:05.214949,[],0,"(-0.15815943479537964, -0.1908959001302719, 419.2152099609375)"
2018/05/29/10:47:05.231198,[],0,"(-0.163265660405159, -0.17456069588661194, 419.3656005859375)"
2018/05/29/10:47:05.248038,[],0,"(-0.163265660405159, -0.17456069588661194, 419.3656005859375)"
2018/05/29/10:47:05.278844,[],0,"(-0.15815943479537964, -0.1908959001302719, 419.2152099609375)"
2018/05/29/10:47:05.295440,[],0,"(-0.15815943479537964, -0.1908959001302719, 419.2152099609375)"
2018/05/29/10:47:05.312330,[],0,"(-0.163265660405159, -0.17456069588661194, 419.3656005859375)"
2018/05/29/10:47:05.342850,[],0,"(-0.163265660405159, -0.17456069588661194, 419.3656005859375)"
2018/05/29/10:47:05.359445,[],0,"(-0.163265660405159, -0.17456069588661194, 419.3656005859375)"
2018/05/29/10:47:05.375714,[],0,"(-0.15817418694496155, -0.19419917464256287, 419.51556396484375)"
2018/05/29/10:47:05.406906,[],0,"(-0.163265660405159, -0.17456069588661194, 419.3656005859375)"
2018/05/29/10:47:05.424481,[],0,"(-0.163265660405159, -0.17456069588661194, 419.3656005859375)"
2018/05/29/10:47:05.439773,[],0,"(-0.163265660405159, -0.17456069588661194, 419.3656005859375)"
2018/05/29/10:47:05.471021,[],0,"(-0.163265660405159, -0.17456069588661194, 419.3656005859375)"
2018/05/29/10:47:05.488239,[],0,"(-0.15815943479537964, -0.1908959001302719, 419.2152099609375)"
2018/05/29/10:47:05.504265,[],0,"(-0.15815943479537964, -0.1908959001302719, 419.2152099609375)"
2018/05/29/10:47:05.535245,[],0,"(-0.163265660405159, -0.17456069588661194, 419.3656005859375)"
2018/05/29/10:47:05.551948,[],0,"(-0.163265660405159, -0.17456069588661194, 419.3656005859375)"
2018/05/29/10:47:05.567240,[],0,"(-0.1530679613351822, -0.21053439378738403, 419.36517333984375)"
2018/05/29/10:47:05.598796,[],0,"(-0.163265660405159, -0.17456069588661194, 419.3656005859375)"
2018/05/29/10:47:05.614991,[],0,"(-0.15815943479537964, -0.1908959001302719, 419.2152099609375)"
2018/05/29/10:47:05.647698,[],0,"(-0.15815943479537964, -0.1908959001302719, 419.2152099609375)"
2018/05/29/10:47:05.663684,[],0,"(-0.15815943479537964, -0.1908959001302719, 419.2152099609375)"
2018/05/29/10:47:05.679894,[],0,"(-0.163265660405159, -0.17456069588661194, 419.3656005859375)"
2018/05/29/10:47:05.710936,[],0,"(-0.16326695680618286, -0.21049128472805023, 419.6655578613281)"
2018/05/29/10:47:05.728005,[],0,"(-0.163265660405159, -0.17456069588661194, 419.3656005859375)"
2018/05/29/10:47:05.743609,[],0,"(-0.163265660405159, -0.17456069588661194, 419.3656005859375)"
2018/05/29/10:47:05.793638,[],0,"(-0.16835841536521912, -0.1908527910709381, 419.5155944824219)"
2018/05/29/10:47:05.809232,[],0,"(-0.15815943479537964, -0.1908959001302719, 419.2152099609375)"
2018/05/29/10:47:05.824382,[],0,"(-0.163265660405159, -0.17456069588661194, 419.3656005859375)"
2018/05/29/10:47:05.854660,[],0,"(-0.163265660405159, -0.17456069588661194, 419.3656005859375)"
2018/05/29/10:47:05.871273,[],0,"(-0.163265660405159, -0.17456069588661194, 419.3656005859375)"
2018/05/29/10:47:05.888000,[],0,"(-0.163265660405159, -0.17456069588661194, 419.3656005859375)"
2018/05/29/10:47:05.918776,[],0,"(-0.163265660405159, -0.17456069588661194, 419.3656005859375)"
2018/05/29/10:47:05.939057,[],0,"(-0.163265660405159, -0.17456069588661194, 419.3656005859375)"
2018/05/29/10:47:05.951553,[],0,"(-0.163265660405159, -0.17456069588661194, 419.3656005859375)"
2018/05/29/10:47:05.983558,[],0,"(-0.163265660405159, -0.17456069588661194, 419.3656005859375)"
2018/05/29/10:47:05.999862,[],0,"(-0.15815943479537964, -0.1908959001302719, 419.2152099609375)"
2018/05/29/10:47:06.015990,[],0,"(-0.163265660405159, -0.17456069588661194, 419.3656005859375)"
2018/05/29/10:47:06.046624,[],0,"(-0.163265660405159, -0.17456069588661194, 419.3656005859375)"
2018/05/29/10:47:06.063184,[],0,"(-0.163265660405159, -0.17456069588661194, 419.3656005859375)"
2018/05/29/10:47:06.079836,[],0,"(-0.163265660405159, -0.17456069588661194, 419.3656005859375)"
2018/05/29/10:47:06.110536,[],0,"(-0.163265660405159, -0.17456069588661194, 419.3656005859375)"
2018/05/29/10:47:06.126770,[],0,"(-0.163265660405159, -0.17456069588661194, 419.3656005859375)"
2018/05/29/10:47:06.143767,[],0,"(-0.163265660405159, -0.17456069588661194, 419.3656005859375)"
2018/05/29/10:47:06.178166,[],0,"(-0.163265660405159, -0.17456069588661194, 419.3656005859375)"
2018/05/29/10:47:06.191387,[],0,"(-0.16835841536521912, -0.1908527910709381, 419.5155944824219)"
